,,LIDC,,,,,
YMR123W,,YAL001C,0,YHR140W,YMR123W,0,0
YLR437C,,YAL003W,0,YPL076W,YLR437C,0,1
YBR110W,,YAL012W,1,YMR215W,YIL008W,0,0
YML036W,,YAL025C,0,YDR394W,YNL064C,0,1
YIL008W,,YAL032C,0,YKL145W,YDR130C,1,1
YLR138W,,YAL033W,0,YDL097C,YJL192C,0,1
YNL064C,,YAL034C-B,0,YDL015C,YLR425W,0,1
YKR073C,,YAL034W-A,0,YJL117W,YMR078C,0,0
YJL192C,,YAL035C-A,0,YGR060W,YPR077C,0,1
YLR425W,,YAL035W,0,YGR232W,YLR138W,0,0
YPL259C,,YAL038W,0,YHR200W,YNR052C,1,0
YBR226C,,YAL041W,0,YFR052W,YJL128C,0,1
YHR187W,,YAL043C,0,YFR004W,YER172C,1,1
YKL139W,,YAR007C,1,YJL196C,YGL012W,0,0
YJL128C,,YAR008W,0,YLR372W,YGL022W,1,0
YDR130C,,YAR019C,1,YKR081C,YDR465C,0,1
YDL114W,,YBL003C,0,YPR108W,YJR059W,0,1
YGL012W,,YBL004W,0,YDR331W,YMR159C,0,1
YOR062C,,YBL014C,0,YAL043C,YPL090C,0,1
YPL208W,,YBL018C,0,YDL147W,YEL063C,0,1
YPL090C,,YBL020W,0,YLR115W,YER067W,0,1
YMR316W,,YBL023C,0,YKL065C,YLR090W,0,0
YLR347C,,YBL026W,1,YHR027C,YDR249C,0,1
YER067W,,YBL030C,0,YER012W,YLR206W,0,1
YNL127W,,YBL034C,0,YBR036C,YBR131W,0,0
YNL028W,,YBL035C,1,YDR301W,YPL208W,0,1
YJR059W,,YBL040C,0,YPL264C,YDL101C,0,0
YNL091W,,YBL041W,0,YBR110W,YGR175C,1,1
YDR421W,,YBL050W,0,YKR002W,YOR215C,0,1
YFL054C,,YBL073W,0,YML048W,YDR254W,0,0
YNR052C,,YBL074C,1,YKL059C,YMR316W,0,1
YMR078C,,YBL076C,0,YDR297W,YNL112W,1,0
YER172C,,YBL077W,1,YGL004C,YIR001C,0,0
YNL112W,,YBL084C,1,YLR277C,YNL284C-B,0,1
YPR077C,,YBL092W,0,YCR034W,YDL041W,0,0
YMR201C,,YBL097W,0,YOR261C,YNL169C,0,1
YLR418C,,YBL102W,0,YBR183W,YJL052W,0,0
YLR046C,,YBL105C,0,YDR195W,YLR141W,1,0
YLL054C,,YBR002C,0,YDL029W,YDR137W,0,1
YOL014W,,YBR004C,0,YDL008W,YML036W,0,1
YJL096W,,YBR009C,0,YNL061W,YJR049C,1,1
YDR343C,,YBR011C,0,YBR290W,YJL058C,0,0
YPR126C,,YBR024W,0,YEL063C,YGL213C,1,0
YKL126W,,YBR029C,0,YBR159W,YLR460C,0,0
YGL059W,,YBR038W,0,YHR066W,YBR283C,0,0
YDR100W,,YBR049C,0,YPR016C,YOR070C,0,1
YLR141W,,YBR055C,1,YGR103W,YBR035C,0,1
YOR363C,,YBR058C-A,0,YGR104C,YOR381W,0,0
YOR261C,,YBR060C,1,YGL200C,YJL170C,0,0
YJL014W,,YBR070C,1,YMR205C,YMR031C,0,0
YGR035C,,YBR079C,0,YOR249C,YPL259C,0,1
YNL284C-B,,YBR080C,0,YMR049C,YOL082W,0,1
YLR002C,,YBR087W,1,YGR013W,YPL193W,0,1
YOR215C,,YBR088C,0,YJR010C-A,YLR398C,0,0
YKL011C,,YBR089C-A,0,YPL043W,YJL143W,1,1
YPR017C,,YBR089W,0,YGL048C,YOR378W,0,1
YML018C,,YBR091C,0,YNL110C,YER106W,1,1
YNL308C,,YBR102C,1,YDR427W,YDR399W,0,1
YML022W,,YBR106W,0,YHL048W,YML030W,0,0
YLR363C,,YBR109C,0,YDR448W,YAR002C-A,0,0
YDR295C,,YBR110W,0,YBR253W,YKR031C,0,1
YJR063W,,YBR112C,0,YIL016W,YML046W,1,0
YKR083C,,YBR121C,1,YNL172W,YLR347C,1,1
YGL094C,,YBR123C,0,YDR118W,YKR073C,0,1
YJL085W,,YBR124W,1,YBR106W,YDR364C,1,1
YPL179W,,YBR135W,0,YPR107C,YLR002C,1,1
YPR094W,,YBR136W,1,YBL084C,YBR110W,1,1
YDR485C,,YBR140C,0,YGL240W,YHR187W,0,0
YPL253C,,YBR142W,0,YER021W,YHR149C,0,1
YNL221C,,YBR143C,1,YDL087C,YLR242C,0,1
YNL041C,,YBR152W,0,YOL051W,YIL115C,1,0
YIR033W,,YBR153W,0,YJR093C,YLR259C,1,1
YNL265C,,YBR154C,0,YFR036W,YLR028C,0,0
YIL011W,,YBR155W,0,YGR095C,YHR047C,0,1
YDR456W,,YBR158W,0,YHR052W,YBR080C,1,1
YCL024W,,YBR160W,0,YHR099W,YEL062W,0,1
YMR200W,,YBR167C,1,YOR016C,YGL138C,0,0
YDL102W,,YBR168W,1,YLR127C,YBL008W,0,1
YDR213W,,YBR190W,0,YGR195W,YHR025W,0,1
YGR057C,,YBR192W,0,YFR010W,YNL127W,0,0
YER010C,,YBR193C,0,YLR147C,YAR047C,0,1
YLR193C,,YBR196C,0,YGR156W,YOR107W,0,1
YKL119C,,YBR198C,0,YOL135C,YDR472W,1,1
YJR042W,,YBR200W,1,YFL017W-A,YOR262W,1,1
YNL004W,,YBR202W,0,YLR298C,YLR363C,0,1
YBL068W,,YBR211C,0,YOL021C,YBL005W,0,1
YDR261W-B,,YBR233W-A,0,YHR026W,YKL087C,0,0
YPR076W,,YBR234C,0,YHR133C,YGL131C,0,0
YKL063C,,YBR236C,0,YGR284C,YGR100W,0,0
YGR095C,,YBR237W,1,YMR109W,YJR032W,0,0
YGL214W,,YBR243C,0,YGR002C,YBR275C,0,1
YFR046C,,YBR247C,0,YEL037C,YLR329W,0,0
YDL217C,,YBR252W,1,YNL107W,YOR073W,0,0
YNL092W,,YBR253W,0,YNL232W,YML104C,0,1
YOR118W,,YBR254C,0,YDR280W,YJL117W,0,1
YCR071C,,YBR256C,0,YNL317W,YOL133W,1,1
YPL122C,,YBR257W,1,YDL007W,YLR131C,0,1
YML104C,,YBR265W,0,YER126C,YML007W,0,1
YJL175W,,YCL003W,0,YGL137W,YKL124W,0,1
YPL135C-A,,YCL004W,0,YDL212W,YDR075W,0,1
YEL070W,,YCL017C,0,YFR028C,YKL047W,0,1
YOR006C,,YCL028W,0,YIL035C,YBR288C,0,0
YJL145W,,YCL031C,0,YMR061W,YBR036C,0,1
YEL031W,,YCL041C,0,YBR081C,YGL155W,1,0
YKL090W,,YCL043C,0,YOR259C,YMR145C,0,1
YMR197C,,YCL052C,1,YKL154W,YCR041W,0,1
YML107C,,YCL053C,0,YHR086W,YKL174C,0,1
YBL059W,,YCL054W,0,YEL002C,YBR059C,0,1
YHR045W,,YCL059C,0,YGR091W,YHL045W,0,1
YGR232W,,YCL067C,0,YKL008C,YKR044W,0,0
YML111W,,YCR012W,0,YLL028W,YPL181W,0,0
YFR034C,,YCR013C,0,YDR060W,YER022W,1,1
YDR335W,,YCR035C,0,YGL112C,YMR158W,0,1
YJL031C,,YCR039C,1,YMR125W,YBR108W,0,0
YJR058C,,YCR042C,0,YNL101W,YAL019W,0,0
YJR020W,,YCR052W,0,YHL042W,YFR044C,0,0
YDR236C,,YCR054C,1,YER133W,YIL046W,1,1
YGL235W,,YCR057C,0,YDL005C,YNR013C,0,0
YER189W,,YCR072C,0,YER172C,YBR047W,0,1
YPR023C,,YCR088W,0,YKL173W,YPL104W,0,1
YPR031W,,YCR093W,0,YCL025C,YER029C,1,0
YOR027W,,YCR096C,0,YMR149W,YIL105C,0,1
YLR104W,,YDL003W,0,YKL022C,YJL200C,0,1
YBR117C,,YDL004W,0,YOR061W,YNL188W,1,0
YMR314W,,YDL007W,1,YOR117W,YOL116W,0,1
YJR070C,,YDL008W,0,YLR438C-A,YJR116W,0,1
YMR096W,,YDL013W,0,YJR117W,YOR020C,1,0
YDR086C,,YDL014W,1,YPR178W,YMR052W,0,1
YGL241W,,YDL015C,0,YOR119C,YFL010C,0,1
YGL189C,,YDL016C,1,YJL033W,YJR087W,0,1
YPL013C,,YDL017W,0,YGL011C,YLR434C,0,1
YLR028C,,YDL028C,0,YHR069C,YNL155W,0,1
YHR149C,,YDL029W,0,YGR245C,YPL171C,0,1
YGR175C,,YDL030W,1,YDR404C,YML082W,0,1
YOR107W,,YDL031W,0,YJR045C,YPL202C,0,1
YLR150W,,YDL043C,0,YMR058W,YPL096W,0,0
YGR143W,,YDL045C,0,YOR272W,YBL053W,0,1
YLR131C,,YDL055C,0,YHR030C,YJL172W,0,0
YDR424C,,YDL058W,0,YGR260W,YHL016C,0,0
YLR152C,,YDL060W,0,YGR274C,YMR112C,1,1
YMR159C,,YDL064W,0,YCR057C,YJR072C,1,1
YPL193W,,YDL067C,0,YKL018W,YJR136C,1,1
YOR285W,,YDL084W,0,YDR388W,YKR001C,0,0
YNL169C,,YDL087C,0,YPR103W,YFR039C,0,1
YGL212W,,YDL089W,0,YBL007C,YPL136W,0,0
YMR258C,,YDL092W,0,YGR090W,YGL038C,0,1
YOR303W,,YDL097C,0,YHR165C,YIL153W,0,1
YDR200C,,YDL098C,0,YMR290C,YKL189W,1,1
YER182W,,YDL102W,0,YBL093C,YAL059W,0,0
YJL052W,,YDL103C,0,YMR213W,YDL248W,0,1
YGR243W,,YDL105W,0,YBR272C,YDR098C,0,0
YML055W,,YDL108W,0,YJR022W,YKL181W,0,1
YEL063C,,YDL111C,0,YGL111W,YIL169C,0,1
YDL101C,,YDL120W,0,YBR142W,YGL230C,0,1
YDR357C,,YDL126C,0,YOL012C,YOR101W,0,0
YOR154W,,YDL132W,0,YNL147W,YDL006W,0,1
YNL138W,,YDL139C,1,YCL018W,YDR365C,1,0
YGL022W,,YDL140C,1,YBR154C,YER125W,1,1
YBR131W,,YDL141W,0,YBR247C,YDR138W,0,1
YFL041W,,YDL143W,0,YHR118C,YNL028W,1,1
YDR254W,,YDL145C,0,YDR176W,YPL032C,0,0
YLR452C,,YDL147W,0,YCL059C,YJL214W,0,1
YOL093W,,YDL148C,0,YHR166C,YHL024W,0,1
YLR090W,,YDL150W,0,YDR167W,YBR001C,0,1
YDR465C,,YDL152W,0,YJL081C,YAL009W,0,1
YBR240C,,YDL153C,0,YBR119W,YNR008W,0,0
YER164W,,YDL155W,0,YPL093W,YJL166W,0,1
YDR286C,,YDL163W,0,YLL036C,YHR140W,0,1
YPL249C-A,,YDL164C,0,YLR117C,YJL102W,0,1
YML109W,,YDL165W,0,YBR198C,YJR097W,0,1
YPL132W,,YDL166C,0,YPR182W,YKL018W,1,1
YBL056W,,YDL193W,0,YPR162C,YPR017C,0,1
YLR206W,,YDL195W,0,YBR060C,YER182W,0,1
YOR385W,,YDL196W,0,YDR378C,YDR077W,0,1
YDR249C,,YDL205C,0,YER146W,YLR373C,0,1
YDR399W,,YDL207W,0,YOL139C,YLR366W,0,1
YBL008W,,YDL208W,0,YCR093W,YCL055W,0,1
YOL062C,,YDL209C,0,YGL019W,YOR313C,0,0
YNL155W,,YDL212W,0,YLR018C,YJL213W,0,0
YOR003W,,YDL217C,0,YLR275W,YJL097W,1,1
YGL020C,,YDL220C,0,YFL039C,YOL103W-B,0,1
YHR047C,,YDL221W,0,YFL024C,YGL120C,1,1
YGR296W,,YDL232W,0,YOR224C,YPR132W,0,1
YLR259C,,YDL235C,1,YIL021W,YCR082W,0,1
YHR025W,,YDR002W,0,YER148W,YER026C,1,1
YDR137W,,YDR013W,0,YOL149W,YGL204C,0,1
YBR283C,,YDR016C,0,YHR142W,YKR096W,0,0
YIR001C,,YDR021W,0,YLR074C,YNL282W,1,0
YEL051W,,YDR023W,0,YDL126C,YBR197C,0,1
YGR082W,,YDR037W,1,YDR334W,YDL134C,0,0
YJL207C,,YDR041W,0,YNL261W,YDR424C,0,1
YNR053C,,YDR044W,1,YLL004W,YGR296W,0,1
YGL120C,,YDR045C,1,YHR197W,YNL054W,0,1
YML007W,,YDR047W,0,YER112W,YGL096W,0,1
YJL058C,,YDR050C,0,YDL140C,YGR216C,1,1
YBL005W,,YDR052C,0,YDL188C,YNR059W,0,0
YMR031C,,YDR053W,0,YNL288W,YDR145W,1,0
YIL169C,,YDR054C,0,YPR110C,YGL018C,1,1
YOR073W,,YDR060W,0,YPL240C,YNL063W,0,0
YFR031C,,YDR062W,1,YPL203W,YKL107W,0,1
YHR097C,,YDR064W,0,YGL194C,YMR258C,0,0
YML028W,,YDR081C,0,YBL026W,YNL040W,0,1
YNL252C,,YDR082W,0,YBR020W,YJL024C,0,0
YJL200C,,YDR086C,0,YPL086C,YML055W,0,0
YLR242C,,YDR087C,0,YNR003C,YGR222W,0,1
YMR269W,,YDR088C,0,YGL198W,YGR274C,1,0
YDL041W,,YDR091C,0,YOR267C,YOR221C,0,0
YOR381W,,YDR113C,0,YDR307W,YIL088C,0,0
YIL115C,,YDR118W,1,YPR156C,YLR421C,0,0
YML082W,,YDR123C,0,YLR078C,YBL039C,0,1
YJR123W,,YDR130C,1,YJL076W,YJL020C,0,1
YJL067W,,YDR141C,0,YCR002C,YDL047W,0,0
YIL136W,,YDR145W,0,YKL144C,YHL025W,0,1
YER106W,,YDR151C,1,YCR033W,YOL093W,0,0
YHR096C,,YDR160W,0,YPL178W,YOR060C,1,0
YJL117W,,YDR164C,0,YDL213C,YEL006W,0,0
YPL171C,,YDR166C,0,YDL145C,YBL042C,0,1
YJL170C,,YDR167W,0,YPR028W,YFR016C,0,0
YGL213C,,YDR168W,1,YBR079C,YDR242W,0,1
YBR275C,,YDR170C,0,YDL111C,YDR286C,0,1
YLR398C,,YDR172W,0,YML092C,YDR176W,0,1
YAL019W,,YDR177W,0,YOR151C,YER150W,0,1
YDR529C,,YDR180W,0,YGL051W,YBL034C,1,0
YGL131C,,YDR182W,0,YKL129C,YJR141W,1,0
YMR105C,,YDR187C,0,YER029C,YLR277C,1,1
YPL078C,,YDR188W,0,YOL133W,YLR249W,1,1
YGR207C,,YDR189W,0,YMR240C,YDR321W,0,1
YKR031C,,YDR190C,0,YFR051C,YGL133W,0,1
YJL213W,,YDR196C,0,YMR231W,YOL062C,0,0
YKL051W,,YDR201W,0,YDL232W,YAL012W,1,1
YBR035C,,YDR208W,0,YDL014W,YKL149C,0,1
YOR129C,,YDR211W,0,YCR088W,YLR442C,0,1
YOR325W,,YDR212W,0,YGL092W,YHR053C,0,1
YGR050C,,YDR224C,0,YHR187W,YNR053C,1,0
YJR121W,,YDR226W,0,YGL172W,YBR300C,0,1
YJR049C,,YDR228C,1,YDL225W,YBR241C,0,0
YKL204W,,YDR231C,0,YBR118W,YDR520C,0,0
YKR044W,,YDR232W,0,YML065W,YPL071C,0,1
YHR072W,,YDR233C,1,YIL112W,YDR529C,0,0
YOR085W,,YDR235W,0,YPR072W,YBL066C,0,0
YIL006W,,YDR236C,0,YNL002C,YHL006C,0,1
YBL106C,,YDR238C,0,YGR092W,YBL035C,1,0
YGL155W,,YDR240C,1,YBR152W,YMR031W-A,0,1
YNL002C,,YDR241W,1,YER068W,YBL056W,0,0
YDR378C,,YDR243C,1,YOR116C,YPR020W,0,1
YLL004W,,YDR246W,1,YOR103C,YOR062C,0,1
YER112W,,YDR267C,1,YGL226C-A,YGL212W,0,0
YCL030C,,YDR280W,0,YOR181W,YGR282C,0,1
YLR460C,,YDR288W,0,YOR244W,YLL027W,0,1
YNL285W,,YDR292C,0,YMR106C,YCL029C,0,0
YER122C,,YDR299W,0,YOR361C,YLR038C,0,1
YMR063W,,YDR301W,0,YAL032C,YJR061W,0,1
YFR007W,,YDR302W,0,YBR245C,YLR051C,1,0
YOR358W,,YDR303C,0,YPL274W,YOL064C,0,0
YOL051W,,YDR308C,0,YML049C,YHR157W,0,1
YKL137W,,YDR311W,0,Q0085,YGR143W,0,0
YAL032C,,YDR320C-A,1,YEL017C-A,YPL221W,0,0
YOR036W,,YDR323C,1,YOL148C,YGR082W,1,0
YER115C,,YDR324C,0,YHR041C,YAL018C,0,0
YNL100W,,YDR325W,0,YMR309C,YKR017C,0,1
YML030W,,YDR327W,0,YPL138C,YBR028C,0,0
YMR057C,,YDR328C,0,YLR015W,YJR115W,0,0
YKL044W,,YDR331W,0,YBR289W,YDR497C,0,0
YAR002C-A,,YDR339C,0,YDR429C,YJL034W,1,1
YFL025C,,YDR341C,0,YGR162W,YKL042W,1,0
YBL097W,,YDR353W,1,YJL095W,YNL245C,1,0
YML046W,,YDR355C,1,YIL075C,YFL004W,0,1
YFL024C,,YDR356W,1,YML085C,YDR067C,0,1
YIR038C,,YDR361C,0,YBL099W,YOR058C,0,0
YHR140W,,YDR362C,0,YGR200C,YCL063W,0,0
YJL143W,,YDR364C,1,YGL161C,YBR120C,0,0
YHL006C,,YDR365C,0,YOL068C,YJL067W,0,0
YGL170C,,YDR367W,0,YJR042W,YHL022C,0,1
YBR085W,,YDR373W,0,YPL227C,YER027C,0,0
YOR378W,,YDR376W,0,YIL004C,YOR136W,0,1
YOR070C,,YDR378C,0,YJR121W,YKL084W,0,0
YDL209C,,YDR381W,1,YDL017W,YDL175C,0,1
YBR080C,,YDR389W,1,YJL020C,YDL073W,0,0
YMR202W,,YDR390C,0,YMR236W,YAL034C,0,1
YPR132W,,YDR394W,0,YER082C,YKR069W,0,1
YOL082W,,YDR395W,0,YLR384C,YBR119W,0,0
YKL124W,,YDR396W,0,YJL138C,YDR171W,0,0
YDR520C,,YDR397C,0,YJL002C,YKL098W,0,1
YKL174C,,YDR398W,0,YGR119C,YDR305C,0,1
YER125W,,YDR404C,1,YOL094C,YLR401C,0,1
YMR145C,,YDR407C,0,YLR335W,YHR186C,1,0
YBR028C,,YDR412W,0,YNL290W,YIL126W,1,1
YJR115W,,YDR413C,0,YDR328C,YML006C,0,1
YBR077C,,YDR416W,0,YER177W,YLR292C,0,0
YGL133W,,YDR420W,0,YPL204W,YPL192C,0,1
YKL087C,,YDR427W,0,YMR314W,YOL039W,0,1
YBR286W,,YDR429C,0,YDR216W,YDR315C,0,0
YGL142C,,YDR432W,1,YHR186C,YIR021W,0,1
YMR232W,,YDR434W,0,YIL142W,YDR212W,1,1
YOR279C,,YDR437W,0,YKL057C,YIL009C-A,0,0
YDR145W,,YDR449C,1,YPL140C,YMR311C,0,0
YJL097W,,YDR454C,1,YBR217W,YIR002C,0,0
YGL138C,,YDR460W,0,YLR268W,YOR212W,0,0
YNL070W,,YDR464W,0,YOR085W,YGL142C,1,0
YOL116W,,YDR468C,0,YPL235W,YML133C,0,1
YLR240W,,YDR470C,1,YOR039W,YDR129C,0,0
YDR380W,,YDR472W,0,YDL047W,YDL093W,0,0
YDR074W,,YDR473C,0,YNL006W,YPR187W,1,1
YHL045W,,YDR478W,0,YML064C,YOR297C,1,1
YJR087W,,YDR487C,0,YLR026C,YDR541C,0,1
YLR434C,,YDR489W,0,YMR001C,YBR293W,0,1
YLR164W,,YDR498C,0,YDR240C,YPL249C-A,0,1
YBR036C,,YDR499W,0,YGL022W,YEL051W,0,1
YGR100W,,YDR505C,0,YKL013C,YHR097C,0,1
YJR136C,,YDR510W,1,YPL101W,YKL139W,1,0
YDR472W,,YDR526C,1,YMR312W,YPL132W,0,0
YNL253W,,YDR527W,0,YJL164C,YKL038W,0,1
YAL009W,,YDR531W,0,YHL030W,YDR362C,1,0
YOR147W,,YDR532C,0,YPL045W,YKL051W,0,1
YIR032C,,YEL002C,0,YJR066W,YJR043C,0,0
YOL133W,,YEL019C,1,YKL016C,YGR243W,0,0
YOR262W,,YEL020W-A,1,YKR029C,YER117W,0,0
YLR453C,,YEL026W,0,YDL132W,YER184C,0,1
YDL134C,,YEL032W,0,YAL021C,YLR172C,0,0
YCL063W,,YEL034W,0,YDR228C,YOR259C,1,1
YPL071C,,YEL035C,0,YLR175W,YGR263C,0,1
YCR041W,,YEL044W,0,YJL124C,YAR002W,0,0
YBR047W,,YEL055C,0,YDR416W,YNL065W,0,1
YGR067C,,YEL058W,0,YER006W,YMR083W,0,1
YBR099C,,YER003C,0,YBR283C,YPR174C,0,0
YEL062W,,YER005W,0,YKL012W,YOR117W,1,1
YJR109C,,YER006W,0,YJR007W,YBL081W,0,1
YPR125W,,YER008C,1,YMR197C,YOR211C,0,1
YPR160C-A,,YER009W,0,YOR290C,YHR035W,0,0
YGL124C,,YER012W,0,YLR259C,YGR261C,0,1
YCR023C,,YER013W,0,YNL189W,YCL057W,0,1
YLR143W,,YER016W,0,YGR074W,YLR253W,0,1
YBR144C,,YER018C,0,YGR252W,YCR042C,1,0
YER029C,,YER019C-A,1,YGR134W,YOR129C,0,0
YKL088W,,YER021W,1,YML098W,YDL060W,1,1
YPL104W,,YER022W,0,YLR102C,YPR160C-A,0,0
YDL220C,,YER023W,1,YJL140W,YBR099C,0,0
YLR329W,,YER025W,0,YHR016C,YDL214C,0,0
YML064C,,YER026C,1,YCR035C,YNL252C,0,1
YNR013C,,YER029C,0,YGR020C,YPL023C,0,0
YER022W,,YER036C,1,YLR180W,YJR100C,0,0
YAR047C,,YER038C,0,YOL069W,YGR048W,1,1
YDR364C,,YER043C,1,YOR341W,YLR016C,0,1
YBL066C,,YER048W-A,0,YEL032W,YBL017C,0,1
YLL034C,,YER060W,1,YBR279W,YLR204W,0,0
YDR077W,,YER070W,0,YML109W,YDR032C,0,0
YBL017C,,YER074W-A,0,YDR377W,YGL059W,0,0
YNL098C,,YER082C,0,YDR036C,YBL064C,0,0
YMR263W,,YER093C,0,YHR082C,YNL093W,0,1
YDL006W,,YER094C,0,YJR065C,YBR144C,0,1
YJR116W,,YER104W,0,YHR119W,YLR011W,0,0
YLR140W,,YER106W,1,YEL051W,YDR276C,0,0
YKR077W,,YER112W,0,YJL098W,YJL056C,0,0
YLL027W,,YER125W,0,YFL008W,YOR067C,0,1
YGL230C,,YER126C,0,YDR469W,YBR226C,0,0
YGL071W,,YER127W,0,YBR258C,YKL142W,0,0
YGL204C,,YER133W,0,YPL042C,YOL123W,1,0
YJR001W,,YER136W,0,YNL207W,YKL054C,0,1
YPL181W,,YER146W,0,YGL190C,YDL206W,0,0
YCL052C,,YER147C,1,YFL037W,YBR107C,0,1
YNR008W,,YER148W,0,YIL061C,YBR301W,0,1
YGR047C,,YER157W,1,YDL116W,YOL101C,0,0
YOL115W,,YER159C,0,YNL132W,YMR043W,1,1
YPL202C,,YER165W,0,YOR076C,YML071C,0,1
YER084W,,YER168C,0,YLR370C,YLR164W,0,0
YDR098C,,YER171W,0,YLR096W,YPR105C,1,0
YGR222W,,YER172C,0,YMR273C,YGL017W,0,0
YNL144C,,YFL002C,0,YBR127C,YLR151C,0,0
YPL018W,,YFL005W,0,YHR110W,YNL144C,0,0
YLR421C,,YFL008W,0,YOL145C,YNL210W,0,0
YER117W,,YFL009W,0,YDR414C,YOL012C,0,0
YKL195W,,YFL017C,1,YPR041W,YGR036C,0,1
YLR059C,,YFL017W-A,1,YLR258W,YLR183C,0,0
YIL088C,,YFL018W-A,0,YLR044C,YDR433W,0,0
YHL025W,,YFL022C,0,YOR174W,YJR158W,0,1
YNL137C,,YFL023W,1,YKR082W,YOL051W,0,0
YDR075W,,YFL024C,0,YCR077C,YCL017C,1,0
YBL053W,,YFL029C,0,YIL062C,YDL114W,0,1
YIR036C,,YFL034C-B,0,YGR158C,YOL067C,0,1
YFL061W,,YFL035C,0,YDR101C,YBL049W,0,0
YBR059C,,YFL035C-A,0,YLR418C,YLR239C,0,0
YIL105C,,YFL037W,0,YDR235W,YCL052C,1,1
YGL051W,,YFL038C,0,YLR347C,YDL008W,1,1
YDR326C,,YFL039C,0,YHR107C,YNL192W,0,1
YJR032W,,YFL045C,0,YKR026C,YOL128C,0,0
YOR101W,,YFR002W,0,YBR072W,YPL027W,0,0
YOR020C,,YFR003C,1,YOR260W,YDL220C,1,1
YDL060W,,YFR004W,1,YJR068W,YEL017C-A,0,1
YBR086C,,YFR005C,0,YPR181C,YLR237W,0,1
YFR039C,,YFR027W,0,YNL064C,YGR129W,0,0
YLR102C,,YFR028C,0,YLR396C,YBR286W,0,0
YKL189W,,YFR029W,1,YBR087W,YGR197C,0,1
YDL069C,,YFR031C,0,YNR052C,YPL195W,0,1
YLR030W,,YFR037C,0,YMR146C,YER084W,0,1
YAL027W,,YFR042W,0,YGR240C,YJL186W,0,0
YOL039W,,YFR050C,0,YBR055C,YDL195W,1,1
YPR001W,,YFR051C,0,YDR335W,YPR189W,0,0
YDR288W,,YFR052W,1,YLR293C,YLR108C,0,1
YKL047W,,YGL001C,0,YML081C-A,YLR152C,0,0
YLR080W,,YGL003C,0,YOR001W,YGR067C,0,0
YKR096W,,YGL008C,0,YDL059C,YIL079C,0,0
YJL034W,,YGL011C,1,YKL196C,YHL002W,0,1
YBR288C,,YGL014W,0,YJL008C,YOR225W,0,1
YHR204W,,YGL018C,0,YJL194W,YLR217W,0,1
YOR191W,,YGL022W,0,YNR035C,YLR275W,1,1
YMR158W,,YGL029W,0,YGL158W,YLL003W,1,0
YDR202C,,YGL030W,0,YOR270C,YML051W,0,0
YNL145W,,YGL040C,0,YBR069C,YHR178W,0,0
YJL152W,,YGL044C,0,YER165W,YOR354C,0,1
YHL016C,,YGL047W,0,YLR314C,YJR124C,0,1
YGR046W,,YGL048C,1,YBR193C,YLR185W,0,1
YCL005W,,YGL055W,0,YOR254C,YMR255W,0,1
YKL222C,,YGL061C,0,YMR223W,YCR023C,0,0
YPL094C,,YGL065C,1,YDL043C,YER132C,0,1
YJR067C,,YGL068W,1,YER125W,YDR427W,1,1
YOR117W,,YGL069C,1,YMR308C,YDR007W,0,1
YOL067C,,YGL073W,0,YAR003W,YBR098W,0,0
YOR192C,,YGL074C,0,YJR076C,YCR040W,0,1
YBR108W,,YGL075C,0,YIL038C,YIL125W,0,0
YKL142W,,YGL084C,0,YLR176C,YER020W,0,0
YFL014W,,YGL091C,0,YDR443C,YMR086W,0,0
YNL046W,,YGL092W,0,YOR206W,YHR060W,0,1
YGR065C,,YGL093W,1,YHR089C,YBL101C,0,1
YAR068W,,YGL097W,0,YDR128W,YNL003C,0,0
YOR382W,,YGL098W,0,YDR477W,YJR012C,1,0
YMR052W,,YGL099W,0,YLR191W,YOR317W,0,0
YIL046W,,YGL102C,1,YAL007C,YDR377W,0,0
YFR044C,,YGL103W,0,YGL066W,YNL100W,0,0
YPL170W,,YGL106W,0,YOR106W,YDL210W,0,1
YPL096W,,YGL111W,0,YDR496C,YPR056W,1,0
YOR109W,,YGL112C,0,YKL068W,YLR451W,0,0
YBR119W,,YGL113W,0,YML046W,YMR293C,0,1
YIL084C,,YGL116W,0,YDR309C,YOR050C,0,0
YBR019C,,YGL120C,0,YGR083C,YLR436C,0,1
YAL012W,,YGL122C,1,YPR198W,YOR309C,0,0
YHR157W,,YGL123W,0,YBR160W,YGR199W,0,1
YKL168C,,YGL128C,0,YBL039C,YOR095C,1,0
YHL022C,,YGL130W,0,YPL016W,YIL130W,0,1
YBR018C,,YGL137W,0,YEL009C,YGL044C,1,0
YPR174C,,YGL142C,0,YDR356W,YCL061C,0,1
YIL009C-A,,YGL145W,0,YNL030W,YBR251W,0,0
YAL059W,,YGL150C,0,YDR225W,YGL047W,1,0
YCR082W,,YGL155W,0,YLR291C,YJL063C,0,1
YPL032C,,YGL166W,0,YNL236W,YOL149W,1,0
YOL064C,,YGL169W,0,YER173W,YGR152C,0,0
YLL051C,,YGL171W,0,YLR208W,YGR181W,0,1
YKR001C,,YGL172W,0,YNL263C,YDR031W,0,1
YGR142W,,YGL180W,0,YDL165W,YLR231C,0,1
YGL168W,,YGL189C,0,YBR103W,YER014W,0,0
YHR186C,,YGL201C,1,YOR332W,YMR236W,1,0
YDL248W,,YGL207W,0,YNL094W,YBR127C,0,0
YNL262W,,YGL213C,1,YDL134C,YER007W,0,0
YLR239C,,YGL225W,0,YPR019W,YDL036C,0,1
YLR027C,,YGL233W,1,YJL187C,YLR316C,1,0
YBR044C,,YGL236C,0,YNR053C,YDR240C,1,1
YMR112C,,YGL238W,1,YGR052W,YEL015W,0,0
YOR060C,,YGL239C,1,YDR473C,YOR036W,1,1
YAL034C,,YGL245W,0,YJL069C,YER124C,0,1
YGR197C,,YGL247W,0,YOR308C,YDR510W,1,0
YHR036W,,YGR002C,1,YML010W,YDR503C,0,1
YML116W,,YGR005C,0,YOL132W,YHR074W,1,0
YNL188W,,YGR009C,1,YBR175W,YLR466W,0,0
YMR293C,,YGR013W,0,YER118C,YAR073W,0,0
YLR204W,,YGR024C,0,YDR211W,YOL150C,0,1
YIL056W,,YGR029W,0,YDR145W,YDR202C,0,1
YPL061W,,YGR030C,0,YPL180W,YIL160C,0,0
YLL061W,,YGR046W,0,YGR038W,YOR003W,0,0
YDR173C,,YGR047C,0,YHR061C,YDR024W,0,0
YPL023C,,YGR048W,0,YDR308C,YOL115W,0,1
YOR387C,,YGR060W,0,YBR251W,YLR003C,0,0
YLR255C,,YGR065C,0,YER025W,YGR083C,1,1
YHR053C,,YGR073C,0,YDR276C,YBL076C,1,0
YHR060W,,YGR074W,0,YGL120C,YCR097W,0,1
YLR185W,,YGR075C,0,YOR014W,YGR202C,0,0
YMR031W-A,,YGR082W,0,YHL004W,YMR101C,0,0
YLR038C,,YGR083C,0,YJL176C,YML106W,0,0
YHL002W,,YGR090W,0,YLR212C,YLR312W-A,0,1
YHR177W,,YGR091W,0,YLR421C,YER122C,0,0
YMR186W,,YGR094W,0,YER157W,YDR469W,0,1
YMR228W,,YGR095C,0,YIL109C,YPL056C,0,1
YDR365C,,YGR098C,1,YER026C,YNL244C,1,1
YJL102W,,YGR099W,0,YLL023C,YBL095W,0,0
YOR211C,,YGR103W,0,YGR097W,YPL211W,1,0
YIL013C,,YGR113W,0,YBR196C,YNL298W,0,1
YPL144W,,YGR114C,0,YLR229C,YLR082C,0,1
YHR132C,,YGR115C,0,YER161C,YIL124W,0,0
YDR542W,,YGR116W,0,YLR350W,YLR453C,0,0
YGR258C,,YGR119C,0,YNL025C,YEL030W,0,0
YHL024W,,YGR120C,0,YOR123C,YNR028W,0,0
YGR292W,,YGR128C,0,YER171W,YML029W,0,1
YDR171W,,YGR140W,0,YMR032W,YLR147C,1,1
YDL210W,,YGR145W,0,YJL157C,YBR195C,0,1
YFL010C,,YGR147C,0,YDR148C,YDR361C,1,0
YOR313C,,YGR155W,0,YGR172C,YGR253C,1,1
YLL013C,,YGR156W,0,YPL254W,YNL138W,1,0
YOR293W,,YGR158C,1,YKR068C,YHL036W,0,1
YLR277C,,YGR159C,1,YDL200C,YPR161C,1,0
YKL095W,,YGR172C,1,YNL175C,YNL227C,0,0
YJL172W,,YGR175C,0,YDR507C,YOL001W,0,0
YGL091C,,YGR179C,1,YDR097C,YIL129C,1,0
YCL055W,,YGR185C,0,YDR080W,YHR168W,0,0
YLL047W,,YGR186W,0,YER022W,YNL125C,0,1
YPL257W,,YGR190C,0,YDL101C,YER101C,0,0
YPL221W,,YGR191W,0,YMR186W,YGL233W,1,0
YMR086W,,YGR195W,0,YPL237W,YNL292W,0,1
YHR042W,,YGR198W,1,YDR265W,YGL170C,0,0
YLR275W,,YGR211W,1,YFL059W,YNL147W,1,0
YFR016C,,YGR216C,0,YNL333W,YJL124C,0,0
YDR067C,,YGR218W,0,YNL287W,YGL024W,0,1
YNL077W,,YGR244C,0,YMR096W,YPL094C,1,0
YJR040W,,YGR245C,0,YDR192C,YGR279C,0,0
YJL157C,,YGR246C,1,YFR002W,YGL222C,0,1
YER027C,,YGR251W,0,YKR001C,YAR042W,0,0
YGL144C,,YGR253C,0,YDR480W,YIL149C,0,0
YCR042C,,YGR264C,1,YGL244W,YEL019C,1,0
YJL214W,,YGR265W,0,YGL115W,YHR102W,1,0
YPL139C,,YGR267C,0,YLR274W,YGR207C,0,1
YBL076C,,YGR274C,1,YJL054W,YDR074W,0,1
YHR041C,,YGR277C,0,YMR296C,YOL038W,1,1
YDR432W,,YGR278W,1,YML075C,YAL034W-A,1,0
YLR144C,,YGR280C,0,YJL154C,YOR321W,0,0
YGR274C,,YGR294W,1,YNL298W,YHR115C,0,0
YPR069C,,YHL015W,0,YGL070C,YNL058C,0,0
YNL215W,,YHR005C,0,YDL030W,YLR170C,0,1
YDR497C,,YHR005C-A,0,YHR135C,YDL223C,0,0
YOR004W,,YHR007C,1,YDR099W,YDR381W,1,0
YDR513W,,YHR009C,0,YPL049C,YLR049C,0,0
YNL288W,,YHR014W,0,YKL166C,YPR100W,0,1
YML051W,,YHR019C,0,YDR359C,YHR096C,0,0
YIL153W,,YHR020W,0,YJR112W,YKR023W,0,1
YCL064C,,YHR023W,0,YGR254W,YDL013W,1,0
YMR083W,,YHR024C,0,YNR031C,YGR262C,0,0
YJL020C,,YHR027C,0,YCR024C-A,YJL023C,0,0
YDR138W,,YHR036W,0,YGR120C,YIL109C,1,1
YJR011C,,YHR040W,0,YOR005C,YJR003C,1,0
YNL292W,,YHR042W,0,YNL093W,YGR245C,1,0
YJL024C,,YHR052W,0,YBR200W,YOR390W,0,1
YNL238W,,YHR058C,0,YBR089C-A,YML053C,0,1
YDL193W,,YHR062C,1,YOL005C,YFL024C,1,1
YKL064W,,YHR065C,0,YJL041W,YKL052C,1,1
YGL017W,,YHR068W,0,YOR362C,YKR095W-A,0,1
YJL166W,,YHR069C,0,YMR054W,YNL259C,0,0
YOL103W-B,,YHR070W,0,YEL027W,YGL168W,0,0
YKR017C,,YHR072W,0,YKL103C,YLR115W,1,0
YPL128C,,YHR072W-A,1,YLR093C,YNL262W,1,0
YDR242W,,YHR074W,0,YBR091C,YPL144W,0,1
YKL105C,,YHR082C,0,YDL060W,YMR094W,1,1
YGR210C,,YHR083W,0,YDR238C,YHR041C,0,1
YDR321W,,YHR084W,0,YIL095W,YPL146C,1,0
YOR136W,,YHR085W,0,YKR020W,YIL013C,0,0
YNL147W,,YHR086W,1,YJL053W,YDL180W,0,0
YFR047C,,YHR088W,0,YDL003W,YPL018W,0,1
YPR003C,,YHR089C,0,YFR024C-A,YER019C-A,1,0
YOR221C,,YHR098C,0,YDL042C,YHR061C,0,0
YJL023C,,YHR099W,0,YAR007C,YER157W,1,1
YHR171W,,YHR101C,0,YPL141C,YBR014C,0,0
YER020W,,YHR102W,0,YNL250W,YLR171W,0,0
YBR300C,,YHR107C,0,YKL203C,YKR051W,0,1
YOR309C,,YHR118C,0,YKL095W,YDL031W,1,1
YHR026W,,YHR122W,0,YBR234C,YGL195W,0,1
YOL038W,,YHR128W,1,YLR071C,YHR042W,1,1
YIL160C,,YHR143W-A,0,YPL151C,YGL165C,0,1
YDL045C,,YHR148W,1,YGL173C,YML072C,0,0
YNL065W,,YHR164C,0,YHR114W,YPL205C,0,0
YPL008W,,YHR165C,0,YAL016W,YDR226W,1,0
YJL107C,,YHR166C,0,YDL155W,YLR213C,0,1
YBL039C,,YHR169W,0,YJL074C,YDR105C,0,1
YKL181W,,YHR170W,0,YNL230C,YGR227W,0,0
YDR362C,,YHR172W,1,YGL049C,YDL190C,0,0
YGL044C,,YHR186C,1,YPL047W,YNL091W,0,0
YNR067C,,YHR188C,0,YBR111W-A,YDR421W,0,0
YLR373C,,YHR190W,0,YDR027C,YER129W,0,0
YDR212W,,YHR196W,1,YHR058C,YKL095W,1,1
YBL081W,,YHR197W,0,YDL229W,YCL064C,0,0
YKL161C,,YHR199C-A,0,YPL070W,YLR205C,0,0
YPR183W,,YIL003W,1,YMR059W,YJL072C,1,1
YBR001C,,YIL004C,0,YOL004W,YKL152C,1,0
YLR366W,,YIL019W,0,YML015C,YML116W,0,1
YLR055C,,YIL021W,0,YIL131C,YML010W,1,0
YDR024W,,YIL022W,0,YPL248C,YGR277C,1,0
YJR072C,,YIL026C,1,YGR262C,YIL047C,0,0
YBR192W,,YIL031W,1,YGR135W,YGR142W,0,0
YKL018W,,YIL046W,1,YHR158C,YER178W,0,0
YGL038C,,YIL048W,0,YMR288W,YOR293W,1,1
YPR056W,,YIL051C,1,YOR212W,YAL025C,1,0
YHR019C,,YIL061C,1,YMR047C,YOL113W,0,1
YDL094C,,YIL062C,0,YAL055W,YOR382W,0,0
YNL244C,,YIL063C,1,YGR040W,YNL226W,0,0
YPL056C,,YIL068C,0,YAR002W,YJL157C,1,0
YER026C,,YIL075C,1,YGL104C,YKR025W,1,0
YLR183C,,YIL078W,0,YBR254C,YER096W,0,1
YGL054C,,YIL083C,0,YDR386W,YBL001C,0,0
YBL034C,,YIL091C,1,YDL076C,YKL221W,0,0
YML131W,,YIL104C,0,YDL217C,YPR110C,1,1
YBR120C,,YIL106W,0,YOR069W,YLR311C,1,0
YLR312W-A,,YIL109C,0,YNL330C,YDR506C,0,0
YDR363W,,YIL115C,0,YDL185W,YLR083C,0,0
YGR185C,,YIL118W,1,YGR129W,YFL054C,0,0
YBL049W,,YIL126W,0,YJR050W,YOR387C,0,0
YKL098W,,YIL129C,0,YBL004W,YML089C,0,1
YGR216C,,YIL137C,1,YKR025W,YFR031C,1,1
YDR510W,,YIL142W,1,YDL150W,YML028W,0,1
YNL063W,,YIL143C,0,YMR127C,YOR285W,0,0
YIL092W,,YIL144W,0,YDR181C,YIR032C,0,0
YLR249W,,YIL147C,1,YNL265C,YLR413W,0,0
YNL029C,,YIL150C,0,YBL085W,YOR153W,0,0
YMR059W,,YIL171W,1,YHR084W,YDR363W,0,1
YKR049C,,YIR004W,0,YCR009C,YOL024W,0,0
YDR323C,,YIR006C,1,YAL002W,YLR144C,0,0
YPL014W,,YIR008C,0,YFR015C,YGL116W,1,0
YGR073C,,YIR010W,1,YDL195W,YBL032W,0,1
YPL036W,,YIR011C,0,YJL130C,YDL076C,0,0
YCR010C,,YIR012W,0,YFR053C,YDL058W,1,0
YJR061W,,YIR015W,0,YLR148W,YDR167W,1,0
YMR045C,,YIR022W,0,YOL038W,YKL161C,0,1
YLR077W,,YJL001W,0,YMR078C,YJR067C,1,0
YNR059W,,YJL002C,0,YEL015W,YKR014C,0,0
YPL136W,,YJL005W,0,YNL118C,YLR448W,0,1
YBL035C,,YJL008C,1,YFL038C,YOR327C,0,1
YLR011W,,YJL009W,0,YHL007C,YBR109C,1,0
YLR269C,,YJL010C,0,YPL124W,YLR148W,0,1
YIR027C,,YJL011C,0,YFR037C,YDR189W,1,1
YBL042C,,YJL012C,0,YER094C,YOR147W,0,1
YKL116C,,YJL014W,0,YJR090C,YGR085C,0,0
YGL018C,,YJL015C,1,YHR088W,YLL004W,1,1
YJR097W,,YJL018W,0,YER054C,YNL024C,0,0
YGL222C,,YJL019W,0,YIL150C,YPL257W,0,1
YBL064C,,YJL025W,0,YGL207W,YKL001C,0,1
YML071C,,YJL026W,0,YJL029C,YIL006W,0,0
YOR158W,,YJL031C,0,YDR523C,YDL146W,0,0
YDL047W,,YJL032W,0,YBR202W,YIL084C,0,1
YLR426W,,YJL033W,0,YHR172W,YIL098C,0,1
YBR216C,,YJL034W,0,YPL144W,YDR392W,0,0
YLR051C,,YJL035C,1,YNL244C,YPL249C,0,1
YGL113W,,YJL039C,1,YJL061W,YOL138C,0,1
YDR240C,,YJL041W,1,YDR190C,YNL257C,0,1
YOR326W,,YJL050W,1,YJR002W,YMR232W,0,1
YGR063C,,YJL054W,0,YAL015C,YLR215C,1,0
YGL096W,,YJL061W,0,YBR088C,YMR219W,0,1
YOL070C,,YJL069C,0,YLR192C,YMR263W,0,0
YDR469W,,YJL072C,0,YLR079W,YPL052W,0,0
YDR276C,,YJL074C,0,YDR245W,YBR019C,0,0
YNL282W,,YJL076W,1,YNL243W,YLR078C,1,1
YOR138C,,YJL081C,0,YOL055C,YNL246W,1,0
YJL109C,,YJL085W,1,YOR210W,YGR135W,0,1
YBR129C,,YJL086C,0,YKL152C,YDR442W,0,1
YMR241W,,YJL087C,0,YKL042W,YIR013C,0,1
YFL056C,,YJL090C,0,YAR027W,YOR338W,0,0
YCR054C,,YJL091C,1,YHL034C,YLL037W,1,0
YBR197C,,YJL097W,0,YBL050W,YER161C,0,1
YIR021W,,YJL104W,0,YDR227W,YBR172C,0,0
YDR176W,,YJL109C,0,YGL100W,YJL129C,0,0
YDL180W,,YJL111W,0,YMR117C,YGR054W,0,1
YMR268C,,YJL123C,1,YGL134W,YDR027C,0,0
YEL019C,,YJL125C,1,YDR202C,YDR200C,0,0
YGR261C,,YJL143W,0,YJR033C,YBR086C,0,0
YNL054W,,YJL156C,0,YIL148W,YLR330W,0,0
YLR257W,,YJL157C,0,YKL171W,YJL180C,0,0
YOR297C,,YJL164C,1,YOR304W,YLR270W,0,0
YLR016C,,YJL167W,0,YIL026C,YGL144C,0,1
YKL149C,,YJL173C,0,YDR484W,YGR013W,1,0
YKR024C,,YJL174W,0,YPR023C,YDL153C,1,0
YGL238W,,YJL184W,1,YOR213C,YBR296C,0,0
YGL083W,,YJL194W,0,YIL115C,YDR255C,0,1
YOR089C,,YJL195C,0,YDR247W,YER165W,1,0
YER129W,,YJL198W,0,YNL161W,YKL224C,0,1
YPR047W,,YJL202C,0,YIL076W,YHR036W,1,0
YNL012W,,YJL203W,0,YNL113W,YLR127C,1,1
YNL239W,,YJR002W,0,YOR159C,YLR009W,1,1
YPL116W,,YJR003C,0,YBL035C,YLR001C,0,1
YDL135C,,YJR006W,0,YGL237C,YLR212C,1,0
YBL065W,,YJR007W,0,YBR017C,YLR218C,0,0
YOR345C,,YJR012C,0,YKR036C,YOR310C,1,0
YOR351C,,YJR013W,0,YKR014C,YLR345W,0,0
YOR231W,,YJR016C,0,YGL099W,YFL023W,1,1
YEL042W,,YJR017C,0,YBL023C,YJL033W,1,1
YKL107W,,YJR022W,0,YNL262W,YHR151C,0,1
YNL277W,,YJR023C,0,YML094W,YMR269W,0,0
YLR052W,,YJR041C,0,YLR310C,YBR091C,1,1
YCL028W,,YJR042W,1,YOR351C,YOL034W,1,0
YPR161C,,YJR045C,1,YDR171W,YJR083C,0,0
YGL153W,,YJR046W,0,YDR468C,YIL163C,0,1
YBR241C,,YJR049C,0,YAL041W,YOR311C,0,1
YDR346C,,YJR057W,0,YPL012W,YKL192C,1,1
YJR054W,,YJR064W,0,YDL002C,YNL066W,0,0
YBR023C,,YJR065C,0,YOL003C,YLL047W,0,0
YJL137C,,YJR067C,0,YPL082C,YMR091C,0,1
YPR182W,,YJR068W,1,YJL011C,YDR357C,0,1
YIL125W,,YJR072C,0,YPR115W,YLR396C,0,0
YBR008C,,YJR076C,0,YLL008W,YHR171W,0,1
YPR020W,,YJR089W,0,YML123C,YAL062W,0,0
YDL113C,,YJR093C,0,YGR238C,YPL078C,0,0
YMR157C,,YJR095W,0,YHR191C,YML064C,1,0
YDR002W,,YJR112W,1,YOR207C,YDR017C,0,1
YDR152W,,YJR123W,0,YLL050C,YLL009C,0,1
YPR194C,,YJR135C,0,YOL090W,YJR149W,0,0
YIL126W,,YJR136C,1,YDR224C,YOR350C,0,1
YML061C,,YJR141W,0,YFL041W,YKL008C,0,0
YPR133C,,YKL004W,1,YML012W,YNL082W,0,0
YAR027W,,YKL006C-A,0,YNL214W,YNL253W,0,0
YMR290C,,YKL012W,1,YLR423C,YLR299W,0,0
YNL280C,,YKL013C,0,YER179W,YDR186C,0,0
YAL013W,,YKL014C,0,YJL203W,YOR319W,1,1
YGR236C,,YKL018W,0,YER110C,YGL216W,0,0
YFL003C,,YKL019W,0,YBL008W,YLL036C,1,0
YPR134W,,YKL021C,0,YER129W,YDR307W,0,0
YER017C,,YKL022C,0,YGL206C,YNR026C,1,0
YMR183C,,YKL024C,0,YGR078C,YBR018C,0,0
YGL026C,,YKL028W,0,YHR005C-A,YHR190W,1,1
YBL061C,,YKL033W,0,YOR080W,YNL213C,0,0
YMR309C,,YKL035W,1,YDR127W,YCR011C,0,0
YMR142C,,YKL036C,0,YLR170C,YOR303W,0,0
YEL048C,,YKL037W,0,YER114C,YBR105C,0,0
YLR383W,,YKL042W,1,YKL161C,YPL220W,0,0
YBR273C,,YKL045W,0,YMR026C,YEL068C,0,0
YLR348C,,YKL049C,0,YNL183C,YPR129W,0,0
YLR267W,,YKL052C,0,YDL208W,YOR122C,1,1
YNR056C,,YKL058W,0,YFL016C,YEL060C,0,0
YJR076C,,YKL059C,1,YNL182C,YDR244W,0,1
YHL036W,,YKL060C,0,YJL173C,YDR071C,0,1
YDR127W,,YKL078W,0,YMR214W,YFR006W,0,0
YGR214W,,YKL082C,0,YDR122W,YGR270W,0,0
YOR173W,,YKL083W,0,YBR135W,YJL210W,0,1
YFL004W,,YKL088W,0,YBR010W,YLR266C,0,0
YBR007C,,YKL089W,0,YLR197W,YBR201W,0,1
YDR528W,,YKL095W,0,YBL002W,YML043C,1,0
YMR013C,,YKL099C,1,YNL044W,YGR171C,0,1
YMR028W,,YKL101W,1,YDL028C,YJR022W,1,1
YJL019W,,YKL104C,1,YOL044W,YBR204C,0,0
YBR167C,,YKL108W,1,YPL181W,YDR379W,0,0
YIL068C,,YKL111C,1,YJL106W,YHL030W,0,0
YJL199C,,YKL112W,0,YDL077C,YLL051C,0,0
YDR429C,,YKL122C,1,YDR298C,YFL041W,0,0
YML048W,,YKL125W,0,YER167W,YKL122C,1,0
YKR091W,,YKL138C-A,0,YHL002W,YDL130W,0,0
YIL098C,,YKL139W,0,YGR218W,YOR131C,0,1
YNL261W,,YKL141W,1,YGL095C,YPL061W,0,0
YIL134W,,YKL144C,0,YNR010W,YLR077W,0,0
YGR282C,,YKL145W,0,YJL128C,YHR207C,0,0
YKL038W,,YKL152C,0,YML067C,YDR386W,0,0
YOL154W,,YKL153W,0,YCL011C,YOR144C,0,0
YNL208W,,YKL154W,0,YDL074C,YDL051W,0,0
YBR252W,,YKL165C,1,YPR010C,YCR044C,0,1
YJL197W,,YKL166C,0,YPL010W,YKR083C,1,1
YJR134C,,YKL172W,0,YKL172W,YPL170W,0,1
YLR209C,,YKL173W,0,YIR006C,YGR250C,0,1
YMR317W,,YKL180W,0,YDR142C,YAL016W,0,0
YDL049C,,YKL182W,0,YJR063W,YPL163C,0,0
YAL022C,,YKL186C,0,YBL105C,YOR264W,0,1
YCL039W,,YKL189W,0,YDL025C,YER126C,1,0
YIR013C,,YKL192C,0,YJL183W,YJR109C,0,0
YGL171W,,YKL193C,1,YJR075W,YGR185C,1,0
YHR168W,,YKL195W,0,YIL046W,YKL056C,0,1
YNR028W,,YKL196C,0,YGL097W,YDL094C,0,1
YDR412W,,YKL203C,1,YGR186W,YPR003C,0,1
YMR255W,,YKL205W,0,YPR111W,YJL198W,1,1
YHL048W,,YKL210W,0,YDR016C,YOL126C,0,1
YDR392W,,YKR002W,0,YCR072C,YKL195W,1,1
YPR058W,,YKR004C,0,YBR136W,YLR256W-A,0,1
YPR110C,,YKR008W,1,YDR244W,YPL008W,0,0
YGL042C,,YKR022C,0,YFR050C,YMR298W,1,1
YPR122W,,YKR025W,0,YGL003C,YOL140W,0,1
YML041C,,YKR037C,0,YJL109C,YER100W,0,1
YOR272W,,YKR038C,1,YMR264W,YPL150W,0,0
YLR007W,,YKR062W,1,YBL016W,YIL132C,0,0
YGR148C,,YKR063C,0,YNL130C,YPR176C,1,0
YDR121W,,YKR068C,0,YMR093W,YHL029C,0,1
YOR227W,,YKR071C,0,YOR297C,YLR143W,0,1
YDR425W,,YKR075C,0,YPR101W,YGR047C,1,1
YCL008C,,YKR079C,0,YKR010C,YLL061W,0,0
YLR322W,,YKR081C,0,YHR012W,YPR125W,1,0
YPR011C,,YKR083C,0,YLR166C,YJR134C,0,1
YLR263W,,YKR086W,0,YDR155C,YGR158C,1,0
YNR045W,,YLL003W,0,YPR029C,YJL036W,0,0
YJR141W,,YLL004W,1,YPR187W,YGR157W,0,1
YOR018W,,YLL008W,0,YLR262C,YFR042W,1,0
YOR212W,,YLL011W,0,YPR070W,YGL124C,0,0
YNL189W,,YLL018C,1,YMR201C,YMR008C,0,0
YBR233W,,YLL031C,0,YKL212W,YJL008C,1,0
YKR090W,,YLL034C,0,YNL251C,YKL064W,0,1
YBL085W,,YLL035W,0,YDR189W,YLR052W,0,1
YNL167C,,YLL036C,0,YPR119W,YOR093C,0,0
YBR113W,,YLL037W,0,YIL144W,YAL066W,0,1
YDR416W,,YLL050C,1,YDL160C,YBL006C,0,0
YPR187W,,YLR002C,1,YDR283C,YDL156W,0,0
YIL060W,,YLR005W,0,YKL181W,YLR269C,0,0
YPL266W,,YLR007W,1,YLR055C,YOR085W,0,0
YBR272C,,YLR008C,0,YOR098C,YBR231C,0,1
YMR022W,,YLR009W,0,YBR058C-A,YMR201C,0,1
YOR321W,,YLR010C,0,YBR102C,YGR004W,0,1
YBL086C,,YLR013W,0,YGL133W,YFR047C,0,0
YJR055W,,YLR022C,0,YJR035W,YPR033C,1,0
YOL009C,,YLR026C,0,YNL020C,YGR246C,1,1
YNR075W,,YLR027C,0,YMR284W,YAL060W,0,0
YLR442C,,YLR029C,0,YNL126W,YKL088W,1,1
YKR088C,,YLR033W,0,YPL256C,YGR284C,0,0
YFL016C,,YLR045C,0,YPR175W,YAL010C,0,1
YGL150C,,YLR051C,1,YIL066C,YMR095C,0,0
YJR112W,,YLR059C,1,YEL036C,YIL024C,0,0
YOR142W,,YLR060W,0,YKR048C,YMR265C,0,0
YOR225W,,YLR066W,0,YDL098C,YOR109W,0,1
YOR065W,,YLR071C,0,YLR385C,YDR380W,0,0
YCL029C,,YLR075W,0,YNL139C,YOR089C,0,0
YIL103W,,YLR076C,0,YOR326W,YHR087W,0,1
YEL064C,,YLR078C,0,YLR216C,YNL295W,0,0
YJR041C,,YLR086W,1,YOR038C,YFL025C,0,0
YEL043W,,YLR088W,0,YNL307C,YOR009W,0,0
YDR460W,,YLR097C,1,YNL166C,YLR240W,1,0
YLR070C,,YLR099W-A,0,YCL010C,YIL136W,0,0
YGR266W,,YLR100W,0,YJR015W,YCR095C,0,0
YOR064C,,YLR101C,0,YBR274W,YMR002W,0,0
YJL122W,,YLR103C,0,YDR436W,YDR430C,0,0
YLR401C,,YLR105C,0,YIL045W,YDR359C,0,0
YHR035W,,YLR106C,0,YJL034W,YOR198C,0,1
YML106W,,YLR115W,0,YNL016W,YLR313C,0,0
YNL082W,,YLR116W,0,YPL139C,YDR146C,0,0
YLL036C,,YLR117C,1,YGL153W,YMR058W,0,0
YDR129C,,YLR127C,0,YPL129W,YLR430W,1,0
YER150W,,YLR129W,0,YDL054C,YLR227C,0,0
YLR290C,,YLR132C,0,YKL060C,YDR150W,0,1
YMR036C,,YLR140W,0,YGR140W,YOR204W,1,1
YLR429W,,YLR141W,0,YNL271C,YNL071W,0,0
YDR541C,,YLR145W,0,YNL135C,YDR489W,1,0
YLR345W,,YLR147C,0,YPL153C,YGL112C,1,1
YDL036C,,YLR153C,0,YDL192W,YBR061C,0,0
YKL025C,,YLR163C,0,YLL011W,YML056C,0,1
YDL153C,,YLR166C,1,YDL239C,YDR235W,1,0
YCL061C,,YLR167W,0,YPL190C,YEL042W,0,1
YOR196C,,YLR175W,0,YNL047C,YBR042C,0,0
YDL063C,,YLR182W,0,YGL127C,YMR280C,0,0
YOR217W,,YLR186W,1,YOL041C,YDL235C,1,0
YDR382W,,YLR195C,0,YLR343W,YNR045W,0,0
YBR296C,,YLR196W,0,YLR427W,YHR052W,1,0
YAL018C,,YLR197W,0,YDR201W,YOL143C,0,1
YKR100C,,YLR198C,0,YNL284C,YGR172C,1,0
YGR110W,,YLR208W,0,YAR014C,YML127W,1,0
YLR217W,,YLR212C,0,YDL031W,YLR059C,1,1
YGL068W,,YLR215C,1,YMR268C,YJL207C,0,1
YFR002W,,YLR220W,1,YNR023W,YJR054W,0,0
YLR357W,,YLR222C,0,YJR077C,YBL058W,0,0
YPL211W,,YLR223C,1,YJL066C,YBR215W,0,0
YMR311C,,YLR229C,0,YLR362W,YLR409C,1,0
YER184C,,YLR230W,0,YPL078C,YNL029C,0,0
YPL052W,,YLR240W,0,YMR043W,YKL111C,1,1
YFL048C,,YLR243W,0,YOR178C,YCR077C,0,0
YKL122C,,YLR249W,1,YKL104C,YAL054C,0,1
YLR078C,,YLR259C,1,YNL084C,YGL149W,0,0
YLR436C,,YLR272C,0,YDR295C,YJL074C,1,0
YKL042W,,YLR274W,1,YIL128W,YDR159W,0,0
YOL139C,,YLR275W,1,YKL081W,YNL158W,1,0
YLR253W,,YLR276C,0,YHR123W,YJL123C,1,0
YGR049W,,YLR277C,0,YAL035W,YFL042C,0,1
YJL124C,,YLR291C,0,YGR145W,YHR026W,0,1
YGR277C,,YLR293C,1,YJL115W,YOR148C,1,0
YNL132W,,YLR298C,1,YBR059C,YOL002C,0,0
YNL040W,,YLR305C,0,YKL135C,YHR004C,0,0
YJL165C,,YLR310C,0,YBR109C,YFR018C,0,1
YBR058C,,YLR311C,0,YFR031C,YGL115W,0,1
YDR384C,,YLR314C,0,YBR049C,YLR328W,0,1
YKL221W,,YLR316C,0,YER009W,YMR179W,1,1
YAL034W-A,,YLR317W,1,YLR200W,YJL061W,1,0
YBR219C,,YLR321C,0,YGL197W,YHR039C,0,0
YHR039C,,YLR323C,0,YOR179C,YLR150W,0,0
YDL175C,,YLR336C,0,YBR298C,YPL178W,0,0
YER007W,,YLR339C,0,YDR138W,YML016C,0,0
YGL055W,,YLR340W,1,YGR113W,YDL140C,1,1
YNL210W,,YLR347C,0,YLR002C,YDL045C,1,1
YOR032C,,YLR355C,0,YDR363W-A,YER164W,0,0
YJL184W,,YLR359W,1,YLR222C,YJR050W,0,1
YMR312W,,YLR371W,0,YDL216C,YHR194W,0,0
YFL047W,,YLR375W,0,YOR157C,YGR211W,1,1
YLR311C,,YLR378C,1,YHL019C,YBR129C,0,0
YDR315C,,YLR379W,0,YLR442C,YFR033C,0,0
YMR253C,,YLR383W,0,YNL041C,YBL097W,1,0
YKL084W,,YLR397C,0,YGL223C,YLR342W,0,0
YOL001W,,YLR403W,0,YHR039C-A,YJL107C,0,0
YLR231C,,YLR409C,0,YLR417W,YNR067C,0,0
YOR259C,,YLR424W,1,YML077W,YLR418C,0,1
YJL036W,,YLR430W,0,YDR472W,YNL098C,0,1
YOR050C,,YLR438C-A,0,YLR196W,YJL057C,0,1
YGR090W,,YLR440C,1,YOL142W,YGL051W,0,1
YDR522C,,YLR454W,0,YPR190C,YPR069C,0,1
YML133C,,YLR457C,0,YPL022W,YIL085C,0,0
YJR100C,,YLR458W,0,YOR136W,YDL188C,0,0
YMR236W,,YLR459W,1,YMR276W,YFL067W,0,1
YEL006W,,YML010W,0,YDL055C,YGR064W,0,1
YOL150C,,YML015C,0,YDR212W,YOL099C,0,1
YCR038C,,YML023C,0,YJL004C,YLR420W,0,0
YNL326C,,YML025C,0,YLR006C,YGR102C,0,0
YDR305C,,YML031W,0,YPL161C,YLR454W,1,0
YBL101C,,YML043C,0,YLR019W,YLR168C,0,0
YDL237W,,YML046W,0,YCR079W,YDR507C,0,0
YJL060W,,YML049C,0,YAL005C,YDL179W,0,0
YGR157W,,YML064C,0,YHR007C,YNL079C,0,1
YKR084C,,YML065W,0,YAL011W,YJR086W,0,0
YLL003W,,YML068W,1,YGL201C,YLR245C,0,1
YJR043C,,YML069W,0,YPL001W,YJR127C,0,0
YDR386W,,YML077W,0,YPL031C,YNL327W,0,0
YHR178W,,YML085C,0,YGL229C,YCL007C,0,0
YCL057W,,YML091C,0,YDL117W,YLR234W,0,0
YNL206C,,YML092C,0,YDR277C,YKL197C,0,0
YLR276C,,YML093W,1,YHR148W,YKL168C,0,1
YCR075C,,YML098W,0,YBL047C,YGR170W,0,0
YHR091C,,YML105C,0,YHL003C,YGR193C,0,0
YML006C,,YML114C,0,YNL102W,YNL044W,1,1
YOR058C,,YML125C,0,YDR121W,YKR077W,0,0
YIR002C,,YML126C,0,YNR017W,YKL188C,0,1
YDR255C,,YML127W,0,YDL246C,YIL056W,0,0
YDR377W,,YML128C,0,YPR036W,YIR036C,0,0
YDR410C,,YML130C,0,YMR042W,YDR173C,0,0
YEL015W,,YMR001C,0,YOR089C,YPR137C-B,0,0
YBR195C,,YMR005W,0,YLR106C,YNR055C,0,1
YLR365W,,YMR013C,0,YJR060W,YFL022C,1,0
YCR028C-A,,YMR028W,0,YDL065C,YDL003W,1,0
YGR083C,,YMR032W,1,YJL005W,YEL026W,1,1
YDL093W,,YMR033W,0,YJR102C,YJL081C,1,0
YDR032C,,YMR043W,0,YGR179C,YIR014W,0,1
YPR176C,,YMR047C,1,YBL056W,YJL181W,0,0
YOR067C,,YMR049C,0,YHL025W,YDL226C,0,0
YBR293W,,YMR059W,0,YKL110C,YLR140W,1,0
YDR509W,,YMR061W,0,YNL229C,YDR184C,0,0
YGR036C,,YMR070W,0,YPR055W,YFL048C,0,1
YJR158W,,YMR071C,0,YOL018C,YLR214W,0,0
YGR048W,,YMR076C,1,YDR200C,YGL040C,1,0
YBR098W,,YMR079W,0,YBL045C,YOL065C,0,0
YPL027W,,YMR093W,0,YMR322C,YLR046C,0,0
YKL054C,,YMR094W,0,YMR095C,YGL071W,0,0
YLR001C,,YMR108W,0,YOR250C,YBR007C,0,1
YDR503C,,YMR112C,0,YMR116C,YBL013W,0,0
YBR201W,,YMR113W,0,YDR466W,YBL079W,0,0
YGL098W,,YMR117C,1,YMR112C,YFR007W,0,1
YGR129W,,YMR128W,0,YDR087C,YNR056C,0,1
YIL130W,,YMR131C,0,YFL009W,YNL088W,1,1
YNL245C,,YMR134W,1,YGR289C,YOR362C,1,0
YNL298W,,YMR146C,0,YNL138W,YCL032W,0,1
YDR379W,,YMR149W,0,YGR136W,YJR117W,0,0
YKL036C,,YMR164C,1,YFL018C,YGL006W,0,0
YJR127C,,YMR168C,0,YOL070C,YOR151C,1,0
YGR013W,,YMR179W,1,YBR039W,YMR288W,1,0
YPR189W,,YMR185W,0,YGL106W,YGL054C,0,1
YLR151C,,YMR197C,0,YGR005C,YOR196C,0,1
YLR237W,,YMR198W,0,YPR120C,YDR397C,1,1
YOR224C,,YMR200W,1,YFR040W,YIL095W,0,0
YBR014C,,YMR203W,0,YDR143C,YMR246W,0,0
YGL024W,,YMR208W,0,YOL077C,YGR292W,0,1
YEL053C,,YMR211W,0,YPL259C,YDR229W,0,0
YEL017C-A,,YMR212C,0,YCR086W,YLL023C,0,0
YDR511W,,YMR213W,0,YPR082C,YLL034C,1,1
YLR108C,,YMR218C,0,YDR392W,YIR038C,0,0
YJL186W,,YMR220W,0,YKL074C,YIL022W,1,0
YHR074W,,YMR227C,1,YIL105C,YNR063W,0,0
YBL095W,,YMR229C,0,YKL014C,YCR028C-A,0,1
YMR179W,,YMR235C,1,YPL209C,YOR207C,1,1
YEL068C,,YMR236W,0,YBR221C,YKL202W,0,0
YER037W,,YMR239C,0,YGR285C,YKL101W,1,0
YGL061C,,YMR240C,1,YGL130W,YER127W,1,1
YKL129C,,YMR260C,0,YOR027W,YBR123C,1,0
YLR292C,,YMR268C,0,YLR337C,YJL060W,0,0
YPR010C-A,,YMR270C,0,YML016C,YBR250W,0,0
YPR160W,,YMR276W,0,YPR191W,YGR097W,0,0
YOL138C,,YMR277W,0,YML032C,YJL201W,0,0
YMR043W,,YMR281W,1,YGL181W,YMR274C,0,0
YER132C,,YMR288W,0,YJL088W,YMR023C,0,0
YKR069W,,YMR290C,0,YCL040W,YGL001C,1,0
YMR199W,,YMR290W-A,0,YML062C,YBR085W,0,0
YBR107C,,YMR296C,0,YBL037W,YJL165C,0,0
YJL201W,,YMR298W,0,YNL124W,YCR038C,0,1
YDR027C,,YMR301C,0,YBL038W,YNR023W,0,0
YDL226C,,YMR308C,0,YGR047C,YPL169C,1,1
YGR250C,,YMR309C,0,YGR246C,YBL065W,0,1
YDR146C,,YMR314W,0,YOL087C,YIL014W,0,0
YPL150W,,YNL002C,0,YGL212W,YDR448W,0,0
YJR124C,,YNL006W,0,YNL076W,YBR174C,0,0
YGR135W,,YNL007C,0,YJL052W,YLR174W,0,0
YEL027W,,YNL020C,0,YIL068C,YJL225C,0,1
YLR270W,,YNL024C-A,0,YBL103C,YDL132W,1,0
YLR172C,,YNL026W,0,YHR170W,YJL079C,0,1
YOL075C,,YNL028W,0,YOR132W,YLL054C,0,0
YNL259C,,YNL036W,0,YAR019C,YOR158W,0,1
YNL093W,,YNL038W,0,YLR292C,YKL004W,1,0
YLR413W,,YNL039W,0,YHR081W,YJR001W,0,0
YGR181W,,YNL044W,0,YPL018W,YBL112C,0,0
YCL019W,,YNL048W,0,YPR018W,YML008C,0,0
YPL195W,,YNL059C,0,YPL011C,YIL092W,0,1
YDL195W,,YNL061W,1,YOR319W,YHR209W,0,1
YOL123W,,YNL062C,1,YKR037C,YHR019C,1,1
YOR151C,,YNL075W,1,YIL106W,YIL094C,0,1
YOR362C,,YNL088W,1,YIR003W,YER079W,0,0
YPL192C,,YNL102W,0,YCR081W,YJR011C,0,0
YDR031W,,YNL103W,0,YJR159W,YPR183W,1,0
YGR263C,,YNL110C,0,YPR171W,YOL144W,1,0
YAR002W,,YNL112W,0,YMR068W,YAL011W,0,0
YGL146C,,YNL113W,0,YAL017W,YJR122W,0,0
YKL008C,,YNL114C,0,YFR021W,YOR208W,0,0
YMR205C,,YNL118C,0,YOR284W,YPL097W,0,0
YMR094W,,YNL124W,1,YLR034C,YLR423C,0,0
YDR017C,,YNL126W,0,YBR065C,YCL005W,0,0
YER079W,,YNL131W,0,YMR139W,YGR254W,0,0
YJL123C,,YNL132W,1,YLR399C,YLR055C,0,0
YKR025W,,YNL137C,1,YDR485C,YKL010C,0,0
YGR245C,,YNL138W,1,YDR299W,YDL005C,0,1
YHR194W,,YNL138W-A,0,YNL225C,YGL055W,1,1
YLL065W,,YNL147W,0,YLR116W,YMR215W,0,1
YGR075C,,YNL149C,1,YGR075C,YOR154W,0,1
YHR190W,,YNL150W,1,YPL232W,YPR182W,1,0
YEL050C,,YNL151C,0,YJR058C,YDL113C,0,0
YOR095C,,YNL152W,1,YCL024W,YGR090W,1,0
YCL017C,,YNL158W,1,YMR246W,YHR108W,0,0
YDR383C,,YNL161W,0,YNL222W,YDL209C,1,1
YJL081C,,YNL162W,1,YIL156W,YMR199W,0,0
YPL258C,,YNL163C,0,YGR109C,YBR192W,1,0
YMR298W,,YNL172W,1,YPL085W,YGL098W,1,1
YOL159C,,YNL178W,0,YFL005W,YPL128C,1,1
YLR215C,,YNL181W,1,YNL048W,YKL036C,1,1
YIL079C,,YNL182C,0,YCL039W,YKL106W,0,0
YOL012C,,YNL188W,0,YDL207W,YCL028W,1,1
YDR307W,,YNL189W,0,YLR113W,YNL122C,0,0
YPR105C,,YNL197C,1,YOR185C,YDL037C,0,0
YAL011W,,YNL207W,0,YOL054W,YBR136W,1,0
YNL024C,,YNL216W,0,YBL068W,YMR105C,0,0
YHR115C,,YNL221C,0,YGL233W,YMR312W,0,1
YDR433W,,YNL222W,0,YGL151W,YNL238W,0,0
YAR042W,,YNL225C,0,YAR008W,YPR194C,0,1
YER178W,,YNL232W,0,YPL083C,YML061C,0,1
YLR423C,,YNL240C,0,YPL195W,YIL104C,1,0
YGR152C,,YNL241C,0,YKL058W,YLR255C,0,1
YNL003C,,YNL243W,0,YOR194C,YBR219C,0,1
YOL101C,,YNL244C,0,YCL037C,YDR275W,0,0
YKL052C,,YNL245C,1,YER043C,YNL006W,1,1
YLR316C,,YNL246W,1,YLR264W,YLR429W,0,0
YIR014W,,YNL247W,0,YNL071W,YHR129C,0,0
YMR178W,,YNL251C,0,YBL049W,YBR145W,0,0
YJL043W,,YNL256W,0,YDR180W,YML131W,0,1
YEL041W,,YNL258C,0,YIR008C,YHR177W,0,1
YOL128C,,YNL260C,0,YJL141C,YJR027W,0,0
YPR100W,,YNL261W,0,YOR047C,YBR302C,0,0
YLR451W,,YNL262W,0,YKL009W,YMR228W,0,0
YLR049C,,YNL263C,0,YMR094W,YNL309W,0,1
YDR226W,,YNL267W,1,YML095C,YDL098C,1,0
YIL149C,,YNL272C,0,YIL007C,YML112W,0,0
YKR023W,,YNL282W,0,YCR030C,YGL130W,1,0
YIL104C,,YNL287W,1,YIR001C,YDR106W,0,0
YJR003C,,YNL290W,1,YMR229C,YGL215W,0,1
YKR007W,,YNL306W,0,YIL033C,YGL256W,0,0
YDL008W,,YNL308C,1,YJR005W,YCR012W,1,0
YBR301W,,YNL310C,0,YLL019C,YBR222C,0,0
YBR109W-A,,YNL312W,0,YCR042C,YIR027C,0,1
YDR361C,,YNL313C,1,YMR279C,YMR186W,0,0
YMR246W,,YNL317W,0,YPR086W,YIL063C,1,1
YOR204W,,YNR003C,1,YLR238W,YLR290C,0,0
YER014W,,YNR011C,0,YDR062W,YDL100C,0,1
YDL214C,,YNR016C,0,YGL061C,YBL080C,0,1
YJL074C,,YNR017W,1,YER005W,YDR410C,0,1
YKR095W-A,,YNR026C,0,YBL075C,YIL052C,0,0
YDR297W,,YNR035C,0,YPL213W,YLR135W,0,1
YGR102C,,YNR038W,0,YER091C,YBR012W-B,0,0
YDL073W,,YNR043W,0,YMR153W,YJL106W,0,0
YNL088W,,YNR046W,1,YLR083C,YJL218W,0,0
YOL126C,,YNR052C,0,YJR052W,YBR012C,0,0
YGR199W,,YNR053C,0,YDL108W,YHL027W,0,1
R0020C,,YNR054C,0,YER032W,YLR254C,0,0
YHL029C,,YOL005C,0,YBL041W,YNL206C,0,1
YER171W,,YOL010W,1,YDR170C,YKL050C,0,1
YDL051W,,YOL021C,0,YDR046C,YHR132C,0,0
YNL192W,,YOL022C,0,YNL312W,YGR184C,0,1
YNL079C,,YOL026C,0,YER155C,YDR505C,1,0
YER100W,,YOL034W,0,YHR183W,YPL060W,0,0
YDR159W,,YOL038W,0,YLL021W,YPL112C,0,0
YDR052C,,YOL040C,1,YHR094C,YFR045W,0,0
YMR188C,,YOL066C,0,YER031C,YMR103C,0,0
YGR034W,,YOL069W,0,YML036W,YJL183W,0,0
YER101C,,YOL077C,0,YGL025C,YNL077W,0,0
YDL206W,,YOL078W,0,YER095W,YGR003W,0,0
YKR051W,,YOL094C,0,YAL029C,YNL048W,1,0
YLR213C,,YOL097C,0,YPR132W,YMR036C,0,0
YLR466W,,YOL100W,0,YEL043W,YOR187W,0,0
YBR116C,,YOL102C,0,YOR257W,YER151C,0,1
YNL071W,,YOL120C,0,YKL193C,YDR080W,0,1
YLL056C,,YOL123W,0,YAR028W,R0020C,0,0
YCR095C,,YOL127W,0,YMR255W,YGR113W,1,0
YDR359C,,YOL130W,0,YOL126C,YMR018W,0,0
YGL079W,,YOL133W,0,YDR381W,YIL030C,0,1
YJL056C,,YOL134C,0,YOR036W,YAL003W,1,1
YLR127C,,YOL135C,1,YIL094C,YPL138C,0,0
YLR009W,,YOL139C,1,YPR141C,YKL009W,0,0
YJL063C,,YOL142W,0,YOR217W,YLR452C,0,1
YDR023W,,YOL144W,1,YDR425W,YHR166C,1,0
YBR174C,,YOL146W,0,YDR150W,YGL106W,1,0
YGL116W,,YOL149W,1,YML057W,YLR116W,1,0
YGR202C,,YOR004W,0,YBR037C,YDR343C,0,0
YIL109C,,YOR020C,1,YDL102W,YPR126C,0,1
YGR253C,,YOR036W,1,YJR006W,YKL126W,0,1
YBL032W,,YOR046C,0,YDR261W-B,YMR059W,1,0
YOR299W,,YOR048C,0,YPR051W,YKR049C,0,0
YOR300W,,YOR056C,0,YEL053C,YDR323C,1,0
YCR076C,,YOR057W,0,YDR261W-A,YPL014W,0,0
YDR310C,,YOR060C,0,Q0250,YGR073C,1,0
YPL220W,,YOR063W,0,YFL049W,YDR542W,0,0
YLR063W,,YOR074C,0,YOL061W,YAL030W,0,0
YNL124W,,YOR075W,1,YMR055C,YGR168C,0,0
YGR211W,,YOR076C,1,YBR108W,YLL056C,0,0
YNL227C,,YOR077W,0,YMR167W,YER147C,1,0
YFL067W,,YOR095C,0,YNL053W,YOR121C,0,0
YOR263C,,YOR098C,0,YNL078W,YLR284C,0,0
YJR012C,,YOR102W,1,YIL126W,YCR076C,0,1
YER109C,,YOR103C,0,YBR126C,YML011C,0,0
YGL047W,,YOR106W,1,YPL061W,YNL107W,0,0
YKL060C,,YOR110W,1,YJL214W,YDR288W,1,0
YCR040W,,YOR116C,0,YMR270C,YDL065C,0,1
YKL021C,,YOR117W,1,YNL098C,YOR299W,0,0
YLR082C,,YOR119C,0,YBR278W,YMR190C,0,0
YPL034W,,YOR122C,0,YLR004C,YOR279C,0,0
YHR151C,,YOR143C,0,YNL021W,YGR028W,0,0
YKL197C,,YOR145C,0,YNR001C,YBR159W,0,0
YNR055C,,YOR146W,0,YMR168C,YER171W,1,1
YDL090C,,YOR148C,0,YHR090C,YMR202W,0,0
YIL129C,,YOR149C,1,YDL092W,YOL014W,0,1
YLR430W,,YOR151C,1,YKL122C,YJL096W,0,1
YDL229W,,YOR157C,0,YER164W,YNL030W,0,0
YOL140W,,YOR159C,0,YLR105C,YBR203W,0,1
YDL190C,,YOR160W,0,YDR260C,YNR011C,1,0
YNL030W,,YOR166C,0,YBL032W,YNR009W,0,0
YPL134C,,YOR168W,0,YGR282C,YJR106W,0,0
YDR123C,,YOR169C,1,YNR007C,YPL258C,0,0
YDR430C,,YOR174W,0,YOR075W,YKL033W,1,1
YHR166C,,YOR176W,1,YNL037C,YPR052C,0,0
YFL038C,,YOR181W,1,YDR395W,YBL050W,1,1
YPR107C,,YOR194C,1,YLR163C,YGR009C,1,1
YMR180C,,YOR203W,0,YMR036C,YBR238C,0,0
YKL112W,,YOR204W,1,YAL047C,YNL128W,0,0
YOL144W,,YOR206W,1,YML103C,YGR258C,0,0
YER151C,,YOR207C,0,YER162C,YEL053C,0,0
YFR043C,,YOR210W,0,YKL085W,YBL071C,0,0
YCR077C,,YOR217W,0,YMR203W,YCR059C,0,1
YDL005C,,YOR218C,0,YNL131W,YLR186W,1,1
YOL149W,,YOR224C,1,YDL159W,YIL076W,0,0
YDR190C,,YOR229W,1,YGL156W,YOR217W,1,0
YMR140W,,YOR232W,0,YAR033W,YPL139C,0,0
YDR366C,,YOR233W,0,YCR040W,YDL019C,0,0
YHR102W,,YOR236W,1,YDL190C,YNL197C,1,0
YML125C,,YOR244W,1,YDR129C,YNL264C,0,0
YER124C,,YOR249C,0,YPL094C,YER012W,1,1
YER180C,,YOR250C,0,YDR259C,YJL130C,0,0
YBR127C,,YOR254C,0,YPR093C,YBR282W,0,0
YDL156W,,YOR256C,0,YDR146C,YHR081W,0,0
YPL232W,,YOR257W,0,YPR054W,YDL164C,1,0
YCR097W,,YOR259C,0,YOR229W,YGR285C,0,1
YIL124W,,YOR260W,0,YPL174C,YOL112W,0,0
YIL163C,,YOR261C,0,YCL028W,YGR276C,0,1
YGL115W,,YOR262W,0,YLR097C,YBR264C,0,1
YOR354C,,YOR271C,0,YBR171W,YOR184W,0,0
YMR165C,,YOR272W,0,YHR188C,YMR306W,0,1
YNR036C,,YOR278W,0,YOL082W,YMR211W,1,0
YML010W,,YOR281C,1,YGL044C,YLR354C,0,1
YBR025C,,YOR282W,0,YGL245W,YDR477W,0,1
YER096W,,YOR287C,0,YNL039W,YKR007W,0,1
YDR252W,,YOR293W,0,YPL115C,YJL013C,0,1
YCR020C-A,,YOR294W,0,YJL001W,YIL064W,0,1
YIL078W,,YOR295W,1,YBR275C,YBL004W,1,0
YBL094C,,YOR297C,0,YCL064C,YOL146W,1,0
YJL196C,,YOR310C,0,YLR233C,YDL117W,0,0
YBR012C,,YOR319W,0,YBR054W,YLR317W,1,0
YLL038C,,YOR326W,0,YCR020C-A,YKL116C,0,0
YER153C,,YOR329C,0,YDR365C,YBL025W,0,1
YGR291C,,YOR335C,0,YDR028C,YLR027C,1,0
YBR204C,,YOR336W,0,YBR130C,YDL097C,1,0
YIL024C,,YOR340C,0,YJR009C,YLR081W,0,0
YFL028C,,YOR341W,0,YDR179C,YMR054W,0,0
YGR223C,,YOR353C,0,YDR103W,YOR380W,0,0
YML038C,,YOR361C,0,YOR310C,YCR010C,0,1
YNL023C,,YOR362C,0,YDR449C,YBR044C,0,1
YFR045W,,YOR370C,0,YEL060C,YHL032C,0,0
YDL137W,,YOR372C,0,YIL063C,YGL003C,1,1
YPR028W,,YOR373W,0,YGR161C,YFR002W,1,0
YDR007W,,YPL007C,0,YML007W,YEL032W,1,0
YGR072W,,YPL010W,0,YGR152C,YKR084C,0,0
YLR205C,,YPL011C,0,YML041C,YER183C,0,0
YMR091C,,YPL012W,0,YBR083W,YKR100C,0,0
YBL079W,,YPL016W,0,YPR105C,YOR305W,0,1
YGR085C,,YPL020C,0,YIR026C,YNL094W,0,0
YML053C,,YPL028W,0,YMR129W,YOR227W,0,0
YJR029W,,YPL043W,0,YIL125W,YPR167C,0,0
YAL060W,,YPL044C,0,YOR046C,YHR200W,0,1
YBR162W-A,,YPL045W,0,YGL124C,YNL176C,0,0
YJL180C,,YPL063W,0,YCL054W,YDR509W,0,1
YMR212C,,YPL075W,1,YGL116W,YNL038W,1,1
YOL151W,,YPL076W,0,YDR054C,YGR110W,0,1
YML089C,,YPL082C,0,YOL013C,YOR325W,0,0
YJR138W,,YPL083C,0,YML091C,YOL159C,0,1
YER145C,,YPL085W,0,YPR025C,YLR086W,1,1
YHR061C,,YPL093W,0,YPR010C-A,YOL070C,0,0
YDL037C,,YPL094C,0,YHR072W-A,YBR240C,0,1
YNL306W,,YPL115C,1,YER059W,YLR060W,1,0
YBR199W,,YPL117C,0,YCL019W,YLR273C,0,0
YDL078C,,YPL122C,0,YJR043C,YER156C,0,0
YER183C,,YPL124W,0,YBR024W,YEL004W,0,1
YJL008C,,YPL125W,1,YCR096C,YAL040C,0,1
YGL195W,,YPL126W,0,YER093C,YNL034W,0,1
YKL001C,,YPL128C,0,YBR019C,YHR107C,1,0
YLR087C,,YPL131W,0,YCL031C,YJL042W,0,1
,,YPL137C,0,,,,0
,,YPL142C,0,,,,0
,,YPL143W,0,,,,0
,,YPL146C,0,,,,0
,,YPL151C,0,,,,0
,,YPL153C,0,,,,0
,,YPL160W,0,,,,0
,,YPL169C,0,,,,0
,,YPL175W,0,,,,0
,,YPL190C,0,,,,0
,,YPL203W,0,,,,0
,,YPL204W,0,,,,0
,,YPL207W,0,,,,0
,,YPL209C,0,,,,0
,,YPL210C,0,,,,0
,,YPL211W,0,,,,0
,,YPL213W,0,,,,0
,,YPL217C,0,,,,0
,,YPL218W,0,,,,0
,,YPL228W,0,,,,0
,,YPL231W,0,,,,0
,,YPL233W,0,,,,0
,,YPL235W,0,,,,0
,,YPL237W,0,,,,0
,,YPL238C,0,,,,0
,,YPL242C,0,,,,0
,,YPL243W,0,,,,0
,,YPL251W,0,,,,0
,,YPL252C,0,,,,0
,,YPL255W,0,,,,0
,,YPL266W,0,,,,0
,,YPL268W,0,,,,0
,,YPR010C,0,,,,0
,,YPR015C,0,,,,0
,,YPR016C,0,,,,0
,,YPR019W,0,,,,0
,,YPR025C,0,,,,0
,,YPR033C,0,,,,0
,,YPR034W,0,,,,0
,,YPR035W,0,,,,0
,,YPR040W,0,,,,0
,,YPR041W,0,,,,0
,,YPR048W,0,,,,0
,,YPR055W,0,,,,0
,,YPR056W,0,,,,0
,,YPR082C,0,,,,0
,,YPR085C,0,,,,0
,,YPR086W,0,,,,0
,,YPR088C,0,,,,0
,,YPR094W,0,,,,0
,,YPR101W,0,,,,0
,,YPR103W,0,,,,0
,,YPR104C,0,,,,0
,,YPR105C,0,,,,0
,,YPR107C,0,,,,0
,,YPR108W,0,,,,0
,,YPR110C,0,,,,0
,,YPR111W,0,,,,0
,,YPR112C,0,,,,0
,,YPR113W,0,,,,0
,,YPR120C,0,,,,0
,,YPR124W,0,,,,0
,,YPR125W,0,,,,0
,,YPR133C,0,,,,0
,,YPR136C,0,,,,0
,,YPR137W,0,,,,0
,,YPR142C,0,,,,0
,,YPR143W,0,,,,0
,,YPR144C,0,,,,0
,,YPR161C,0,,,,0
,,YPR162C,0,,,,0
,,YPR165W,0,,,,0
,,YPR168W,0,,,,0
,,YPR169W,0,,,,0
,,YPR175W,0,,,,0
,,YPR176C,0,,,,0
,,YPR177C,0,,,,0
,,YPR178W,0,,,,0
,,YPR180W,0,,,,0
,,YPR181C,0,,,,0
,,YPR182W,0,,,,0
,,YPR183W,0,,,,0
,,YPR186C,0,,,,0
,,YPR187W,0,,,,0
,,YPR190C,0,,,,0
,,,,,,,
,,,,,,,
,,,,,,,
,,,,,,,
,,,,,,,
,,,,,,,
,,,,,,,
,,,,,,,
,,,,,,,
,,,,,,,
,,,,,,,
,,,,,,,
,,,,,,,
,,,,,,,
,,,,,,,
,,,,,,,
,,,,,,,
,,,,,,,
,,,,,,,
,,,,,,,
,,,,,,,
,,,,,,,
,,,,,,,
,,,,,,,
,,,,,,,
,,,,,,,
,,,,,,,
,,,,,,,
,,,,,,,
,,,,,,,
,,,,,,,
,,,,,,,
,,,,,,,
,,,,,,,
,,,,,,,
,,,,,,,
,,,,,,,
,,,,,,,
,,,,,,,
,,,,,,,
,,,,,,,
,,,,,,,
,,,,,,,
,,,,,,,
,,,,,,,
,,,,,,,
,,,,,,,
,,,,,,,
,,,,,,,
,,,,,,,
,,,,,,,
,,,,,,,
,,,,,,,
,,,,,,,
,,,,,,,
,,,,,,,
,,,,,,,
,,,,,,,
,,,,,,,
,,,,,,,
,,,,,,,
,,,,,,,
,,,,,,,
,,,,,,,
,,,,,,,
,,,,,,,
,,,,,,,
,,,,,,,
,,,,,,,
,,,,,,,
,,,,,,,
,,,,,,,
,,,,,,,
,,,,,,,
,,,,,,,
,,,,,,,
,,,,,,,
,,,,,,,
,,,,,,,
,,,,,,,
,,,,,,,
,,,,,,,
,,,,,,,
,,,,,,,
,,,,,,,
,,,,,,,
,,,,,,,
,,,,,,,
,,,,,,,
,,,,,,,
,,,,,,,
,,,,,,,
,,,,,,,
,,,,,,,
,,,,,,,
,,,,,,,
,,,,,,,
,,,,,,,
,,,,,,,
,,,,,,,
,,,,,,,
,,,,,,,
,,,,,,,
,,,,,,,
,,,,,,,
,,,,,,,
,,,,,,,
,,,,,,,
,,,,,,,
,,,,,,,
,,,,,,,
,,,,,,,
,,,,,,,
,,,,,,,
,,,,,,,
,,,,,,,
,,,,,,,
,,,,,,,
,,,,,,,
,,,,,,,
,,,,,,,
,,,,,,,
,,,,,,,
,,,,,,,
,,,,,,,
,,,,,,,
,,,,,,,
,,,,,,,
,,,,,,,
,,,,,,,
,,,,,,,
,,,,,,,
,,,,,,,
,,,,,,,
,,,,,,,
,,,,,,,
,,,,,,,
,,,,,,,
,,,,,,,
,,,,,,,
,,,,,,,
,,,,,,,
,,,,,,,
,,,,,,,
,,,,,,,
,,,,,,,
,,,,,,,
,,,,,,,
,,,,,,,
,,,,,,,
,,,,,,,
,,,,,,,
,,,,,,,
,,,,,,,
,,,,,,,
,,,,,,,
,,,,,,,
,,,,,,,
,,,,,,,
,,,,,,,
,,,,,,,
,,,,,,,
,,,,,,,
,,,,,,,
,,,,,,,
,,,,,,,
,,,,,,,
,,,,,,,
,,,,,,,
,,,,,,,
,,,,,,,
,,,,,,,
,,,,,,,
,,,,,,,
,,,,,,,
,,,,,,,
,,,,,,,
,,,,,,,
,,,,,,,
,,,,,,,
,,,,,,,
,,,,,,,
,,,,,,,
,,,,,,,
,,,,,,,
,,,,,,,
,,,,,,,
,,,,,,,
,,,,,,,
,,,,,,,
,,,,,,,
,,,,,,,
,,,,,,,
,,,,,,,
,,,,,,,
,,,,,,,
,,,,,,,
,,,,,,,
,,,,,,,
,,,,,,,
,,,,,,,
,,,,,,,
,,,,,,,
,,,,,,,
,,,,,,,
,,,,,,,
,,,,,,,
,,,,,,,
,,,,,,,
,,,,,,,
,,,,,,,
,,,,,,,
,,,,,,,
,,,,,,,
,,,,,,,
,,,,,,,
,,,,,,,
,,,,,,,
,,,,,,,
,,,,,,,
,,,,,,,
,,,,,,,
,,,,,,,
,,,,,,,
,,,,,,,
,,,,,,,
,,,,,,,
,,,,,,,
,,,,,,,
,,,,,,,
,,,,,,,
,,,,,,,
,,,,,,,
,,,,,,,
,,,,,,,
,,,,,,,
,,,,,,,
,,,,,,,
,,,,,,,
,,,,,,,
,,,,,,,
,,,,,,,
,,,,,,,
,,,,,,,
,,,,,,,
,,,,,,,
,,,,,,,
,,,,,,,
,,,,,,,
,,,,,,,
,,,,,,,
,,,,,,,
,,,,,,,
,,,,,,,
,,,,,,,
,,,,,,,
,,,,,,,
,,,,,,,
